GEOID20,Tot,D,R
51001000101,1572,525,1047
51001000201,630,175,455
51001000202,1254,371,883
51001000301,1075,541,534
51001000401,399,116,283
51001000402,635,194,441
51001000403,160,33,127
51001000501,505,264,241
51001000502,455,314,141
51001000601,1027,401,626
51001000602,140,9,131
51001000701,1752,754,998
51001000801,582,166,416
51001000802,759,379,380
51001000803,481,148,333
51001000901,1586,926,660
51003000101,1477,1477,0
51003000103,521,521,0
51003000104,1173,1173,0
51003000105,2162,2162,0
51003000106,2016,2016,0
51003000201,1816,1816,0
51003000202,1708,1708,0
51003000203,1481,1481,0
51003000301,2195,2195,0
51003000302,1548,1548,0
51003000304,584,584,0
51003000305,1701,1701,0
51003000306,743,743,0
51003000307,369,369,0
51003000401,688,688,0
51003000402,584,584,0
51003000405,1964,1964,0
51003000406,1629,1629,0
51003000407,1034,1034,0
51003000501,671,671,0
51003000502,749,749,0
51003000503,1661,1661,0
51003000504,1560,1560,0
51003000506,1730,1730,0
51003000507,1338,1338,0
51003000601,1920,1920,0
51003000602,607,607,0
51003000603,1546,1546,0
51003000604,1789,1789,0
51003000606,2355,2355,0
51005005101,564,105,459
51005005103,220,43,177
51005005201,369,83,286
51005005202,416,98,318
51005005301,378,53,325
51005005302,566,121,445
51005005401,475,130,345
51005005402,542,121,421
51005005501,197,54,143
51005005502,657,114,543
51005005601,739,275,464
51005005701,638,293,345
51007000101,1077,272,783
51007000201,1309,365,922
51007000301,1272,289,954
51007000401,1247,293,923
51007000501,1390,378,965
51009000101,832,423,409
51009000102,1203,370,833
51009000103,514,108,406
51009000201,1916,717,1199
51009000202,767,164,603
51009000301,727,220,507
51009000302,1974,466,1508
51009000303,493,115,378
51009000401,2014,656,1358
51009000402,584,179,405
51009000501,2020,768,1252
51011000101,573,110,463
51011000102,908,224,684
51011000201,338,108,230
51011000202,1180,179,1001
51011000301,753,126,627
51011000302,923,195,728
51011000401,1275,331,944
51011000501,964,255,709
51011000502,399,106,293
51013000001,1163,1163,0
51013000002,2080,1764,316
51013000003,1314,988,326
51013000004,2280,1932,348
51013000005,1624,1624,0
51013000006,1690,1368,322
51013000007,2104,1736,368
51013000008,2135,1673,462
51013000009,1971,1971,0
51013000010,2499,2044,455
51013000011,1552,1221,331
51013000012,1648,1648,0
51013000013,1082,1082,0
51013000014,1573,1317,256
51013000015,1076,894,182
51013000016,2314,1924,390
51013000017,2341,1972,369
51013000018,3360,2812,548
51013000019,2631,2128,503
51013000020,2105,1617,488
51013000021,1019,801,218
51013000022,1785,1785,0
51013000023,1981,1654,327
51013000024,2648,2231,417
51013000025,1865,1572,293
51013000026,1683,1683,0
51013000027,1819,1819,0
51013000028,1924,1924,0
51013000029,2162,1824,338
51013000030,1542,1542,0
51013000031,2129,1767,362
51013000032,773,576,197
51013000033,2203,1650,553
51013000034,1898,1525,373
51013000035,2314,1653,661
51013000036,2177,1746,431
51013000037,1973,1583,390
51013000038,1259,1240,19
51013000039,1203,1030,173
51013000040,2625,2191,434
51013000041,2102,1762,340
51013000042,1322,1322,0
51013000043,1083,1083,0
51013000044,1313,1088,225
51013000045,1489,1276,213
51013000046,2290,1892,398
51013000047,1226,1226,0
51013000048,1575,1247,328
51013000049,1403,1181,222
51013000050,1796,1484,312
51013000051,533,461,72
51013000052,1216,996,220
51013000053,1754,1414,340
51013000054,888,741,147
51015000101,981,347,634
51015000102,1062,329,733
51015000103,1885,572,1313
51015000201,1848,408,1440
51015000202,1122,235,887
51015000203,1726,467,1259
51015000301,2632,742,1890
51015000302,710,136,574
51015000303,897,123,774
51015000304,841,167,674
51015000401,950,200,750
51015000402,960,200,760
51015000403,677,93,584
51015000404,318,62,256
51015000405,1310,398,912
51015000501,1574,339,1235
51015000502,779,183,596
51015000503,851,150,701
51015000504,1898,421,1477
51015000601,1153,270,883
51015000602,2530,591,1939
51015000603,1693,519,1174
51015000801,1239,310,929
51015000802,2228,783,1445
51015000803,2159,788,1371
51017000101,354,117,237
51017000102,55,8,47
51017000201,282,83,199
51017000301,321,56,265
51017000302,91,19,72
51017000401,423,76,347
51017000501,383,101,282
51019000101,1560,398,1162
51019000102,678,163,515
51019000103,1192,308,884
51019000104,987,240,747
51019000201,557,130,427
51019000202,847,173,674
51019000203,1857,460,1397
51019000204,608,161,447
51019000205,1518,415,1103
51019000301,1847,388,1459
51019000302,1156,273,883
51019000303,637,125,512
51019000304,699,170,529
51019000305,602,99,503
51019000306,1117,241,876
51019000401,2309,584,1725
51019000402,1093,282,811
51019000403,2168,629,1539
51019000404,1631,382,1249
51019000502,463,91,372
51019000503,526,104,422
51019000504,868,188,680
51019000505,1671,578,1093
51019000506,2664,639,2025
51019000601,1046,230,816
51019000602,1201,255,946
51019000603,356,76,280
51019000604,1662,474,1188
51019000701,1993,400,1593
51019000702,770,205,565
51019000703,738,154,584
51019000704,1965,636,1329
51021000101,266,29,237
51021000102,344,67,277
51021000201,91,19,72
51021000202,592,108,484
51021000301,288,32,256
51021000302,191,27,164
51021000401,627,107,520
51023000101,2256,713,1543
51023000102,1879,492,1387
51023000201,1638,407,1231
51023000202,1664,436,1228
51023000301,1409,307,1102
51023000302,1350,308,1042
51023000403,951,230,721
51023000406,2084,518,1566
51023000501,1080,295,785
51023000502,2191,659,1532
51025000101,248,134,114
51025000102,473,173,300
51025000103,605,205,400
51025000201,198,93,105
51025000202,473,334,139
51025000203,464,264,200
51025000301,102,57,45
51025000302,585,235,350
51025000303,299,141,158
51025000304,257,112,145
51025000401,918,526,392
51025000402,295,201,94
51025000501,995,698,297
51027000102,216,24,192
51027000103,461,58,403
51027000201,81,15,66
51027000202,332,46,286
51027000203,350,54,296
51027000301,403,48,355
51027000302,390,65,325
51027000403,608,105,503
51027000404,52,8,44
51027000501,353,61,292
51027000502,106,35,71
51027000503,390,81,309
51027000601,248,42,206
51027000602,358,52,306
51027000603,205,53,152
51027000701,420,70,350
51027000702,367,48,319
51029000101,774,313,461
51029000102,251,91,160
51029000201,739,275,464
51029000301,554,185,369
51029000302,497,149,348
51029000401,940,334,606
51029000501,411,112,299
51029000502,587,281,306
51029000601,820,365,455
51029000701,429,167,262
51031000101,1781,446,1335
51031000102,1906,436,1470
51031000201,1493,432,1061
51031000202,2015,491,1524
51031000301,648,139,509
51031000302,637,144,493
51031000303,1660,576,1084
51031000401,1282,228,1054
51031000402,2245,518,1727
51031000501,1963,467,1496
51031000502,1227,323,904
51031000601,1199,347,852
51031000602,1883,453,1430
51031000701,946,277,669
51031000702,1422,382,1040
51031000703,573,129,444
51033000101,1267,443,796
51033000102,912,287,608
51033000201,1128,635,493
51033000202,1773,909,864
51033000301,577,219,343
51033000302,1313,513,768
51033000401,1633,909,724
51033000402,503,268,235
51033000501,1131,660,471
51033000502,1023,459,564
51033000601,1210,635,575
51033000602,904,430,474
51035000101,399,85,314
51035000102,623,108,515
51035000103,348,56,292
51035000105,684,159,525
51035000201,1284,327,957
51035000202,510,115,395
51035000203,676,156,520
51035000301,1391,296,1095
51035000302,530,91,439
51035000303,299,62,237
51035000401,1005,208,797
51035000402,950,177,773
51035000406,203,38,165
51035000501,345,53,292
51035000502,968,161,807
51035000503,497,86,411
51035000504,527,101,426
51036000101,763,763,0
51036000201,763,763,0
51036000301,817,817,0
51037000101,770,249,508
51037000201,666,209,451
51037000302,613,192,412
51037000401,650,189,441
51037000501,651,187,446
51037000602,744,165,566
51037000702,587,196,378
51041000101,838,838,0
51041000102,1946,1006,940
51041000103,3264,1580,1684
51041000104,2530,1223,1307
51041000105,923,923,0
51041000106,3279,1969,1310
51041000107,1775,1028,747
51041000108,3694,1768,1926
51041000109,3345,1789,1556
51041000110,1459,741,718
51041000111,1973,878,1095
51041000112,1856,1063,793
51041000113,2095,1283,812
51041000201,1543,774,769
51041000202,2497,1833,664
51041000203,676,463,213
51041000204,1309,788,521
51041000205,1557,1234,323
51041000206,1142,940,202
51041000207,805,663,142
51041000208,2100,1667,433
51041000209,2470,1515,955
51041000210,3216,2377,839
51041000211,3672,1577,2095
51041000212,1397,841,556
51041000213,1254,1023,231
51041000214,541,415,126
51041000215,880,603,277
51041000216,1729,1424,305
51041000301,2385,1866,519
51041000302,769,430,339
51041000303,2717,1320,1397
51041000304,1886,638,1248
51041000305,930,240,690
51041000306,2807,817,1990
51041000307,4930,2684,2246
51041000308,883,494,389
51041000309,2743,1354,1389
51041000310,2333,1254,1079
51041000313,4045,2115,1930
51041000314,1488,494,994
51041000315,2637,1058,1579
51041000316,2181,1170,1011
51041000317,3841,2004,1837
51041000318,891,461,430
51041000319,4808,2305,2503
51041000401,1585,863,722
51041000402,1234,735,499
51041000403,2571,1495,1076
51041000404,2087,1362,725
51041000405,2301,1347,954
51041000406,1950,1040,910
51041000407,1475,787,688
51041000408,2671,1799,872
51041000409,1116,708,408
51041000410,1282,789,493
51041000411,2241,1252,989
51041000412,2705,1496,1209
51041000413,1857,1169,688
51041000414,3266,1838,1428
51041000415,2464,1385,1079
51041000416,1909,1122,787
51041000417,1518,892,626
51041000501,2000,1314,686
51041000502,1044,672,372
51041000503,2963,1583,1380
51041000504,3760,1915,1801
51041000505,2421,1571,850
51041000506,2189,1428,761
51041000507,3157,1415,1683
51041000508,2443,1364,1009
51041000509,1401,894,466
51041000510,2549,1305,1201
51041000511,1589,769,781
51041000513,1010,792,218
51041000514,2936,1489,1445
51041000515,1686,1401,285
51041000516,1118,860,258
51041000517,1868,892,976
51041000518,2903,1372,1486
51043000101,1603,560,1043
51043000201,1436,738,698
51043000301,1227,548,679
51043000302,515,227,288
51043000401,1441,620,821
51043000501,967,405,562
51043000502,410,190,220
51045000101,397,67,330
51045000201,476,73,403
51045000301,304,85,219
51045000303,216,47,169
51045000401,147,36,111
51045000402,37,12,25
51045000403,278,58,220
51045000501,381,54,327
51047000101,2646,1479,1167
51047000201,2348,1404,944
51047000302,1335,383,952
51047000303,1099,370,729
51047000304,541,285,256
51047000401,1385,457,928
51047000402,2369,920,1449
51047000501,2130,742,1388
51047000502,1741,491,1250
51047000601,270,79,191
51047000602,1875,759,1116
51047000603,527,265,262
51047000702,1942,722,1220
51047000703,927,270,657
51047000704,543,131,412
51049000101,964,316,648
51049000201,979,339,640
51049000301,783,398,385
51049000401,875,304,571
51049000501,768,355,413
51051000101,989,255,734
51051000201,292,50,242
51051000202,121,20,101
51051000203,377,92,285
51051000301,155,18,137
51051000302,285,31,254
51051000303,519,82,437
51051000401,720,212,508
51051000501,207,65,142
51051000502,759,188,571
51053000101,487,113,374
51053000102,839,214,625
51053000103,1250,209,1041
51053000201,654,399,255
51053000202,1767,705,1062
51053000301,519,158,361
51053000302,878,310,568
51053000303,1260,570,690
51053000401,1265,486,779
51053000402,721,258,463
51053000403,470,197,273
51053000501,288,218,70
51053000502,1642,1084,558
51057000101,1050,530,520
51057000201,1117,598,519
51057000301,1281,435,846
51057000401,1397,619,778
51059000104,1700,1185,515
51059000105,3110,2194,916
51059000106,1728,1289,439
51059000108,1604,1124,480
51059000109,813,570,243
51059000110,2494,1773,721
51059000113,2787,2070,717
51059000114,1517,1041,476
51059000115,1137,790,347
51059000116,1626,1234,392
51059000117,1889,1298,579
51059000118,2516,1855,661
51059000119,2658,1914,744
51059000120,2182,1444,738
51059000121,1399,998,381
51059000123,3101,2257,844
51059000125,2196,1556,640
51059000126,1542,1151,391
51059000127,2776,2022,754
51059000128,1460,1052,408
51059000129,1206,874,332
51059000130,1576,1130,446
51059000131,2189,1513,661
51059000132,2434,1875,525
51059000133,475,333,142
51059000134,968,835,84
51059000201,2525,2002,523
51059000202,2071,1419,640
51059000203,2567,1797,770
51059000204,570,432,138
51059000208,2539,2072,467
51059000209,2535,2032,503
51059000213,2778,2074,704
51059000214,2285,1695,590
51059000216,1011,782,229
51059000218,1627,1275,352
51059000219,2292,1613,679
51059000220,2599,2011,588
51059000221,2042,1553,489
51059000222,1491,1252,239
51059000223,2668,2136,532
51059000224,3771,3052,719
51059000225,2355,1940,415
51059000226,2419,1668,751
51059000227,1219,870,349
51059000229,3171,2230,941
51059000233,2353,1569,784
51059000234,2010,1562,448
51059000235,1795,1363,432
51059000236,951,719,232
51059000237,2246,1854,392
51059000238,2756,2031,725
51059000240,1624,1086,538
51059000301,2266,1515,751
51059000302,1874,1316,558
51059000303,1078,703,375
51059000304,1393,867,526
51059000305,1635,1182,453
51059000306,1333,782,551
51059000307,1830,1364,466
51059000309,2302,1463,839
51059000310,1444,1056,388
51059000311,1388,839,549
51059000312,1728,1274,454
51059000314,1662,1122,540
51059000315,2091,1486,485
51059000316,644,459,185
51059000317,1674,1213,435
51059000318,1057,774,283
51059000319,2538,1862,676
51059000320,2455,1871,584
51059000321,2721,1893,828
51059000322,1966,1100,866
51059000323,1443,1000,443
51059000324,2155,1631,524
51059000325,1107,935,172
51059000327,2337,1566,771
51059000328,2142,1318,824
51059000329,2184,1281,903
51059000331,1444,969,475
51059000332,3012,2440,572
51059000333,1188,847,341
51059000401,2325,1728,597
51059000402,739,566,173
51059000403,785,606,179
51059000404,2416,1908,508
51059000405,1048,826,199
51059000406,1735,1235,500
51059000408,1689,1442,247
51059000409,1966,1493,473
51059000410,2954,2228,726
51059000411,1528,1198,330
51059000413,1198,1003,170
51059000415,1464,997,467
51059000417,2041,1494,547
51059000418,1049,749,300
51059000419,2044,1618,426
51059000420,2984,2327,657
51059000421,2281,1773,508
51059000422,2295,1799,496
51059000423,1871,1389,482
51059000424,1881,1404,417
51059000426,1422,1108,314
51059000427,1837,1443,394
51059000428,1652,1341,264
51059000429,1521,1258,230
51059000501,1680,1680,0
51059000502,1061,785,247
51059000503,1154,877,252
51059000504,1268,918,350
51059000505,1257,1257,0
51059000506,246,246,0
51059000507,1848,1466,382
51059000508,1885,1375,482
51059000509,457,457,0
51059000510,1319,946,373
51059000511,1759,1317,376
51059000512,985,713,219
51059000513,1658,1230,428
51059000514,628,628,0
51059000515,999,784,190
51059000516,1677,1281,396
51059000517,650,650,0
51059000518,1424,985,439
51059000519,1310,962,348
51059000520,1136,1136,0
51059000521,1196,801,395
51059000522,1015,722,293
51059000523,1659,1214,445
51059000525,2113,1482,557
51059000526,2096,1680,416
51059000527,1193,835,358
51059000528,896,648,248
51059000530,894,730,137
51059000601,1531,984,506
51059000602,1568,1104,429
51059000604,2200,1711,414
51059000605,1775,1161,569
51059000606,2136,1442,637
51059000607,2347,1907,440
51059000608,1482,1161,292
51059000609,1648,1084,522
51059000610,1320,983,307
51059000611,2322,1549,696
51059000612,1036,691,310
51059000613,2916,1818,1014
51059000614,1519,979,483
51059000615,1894,1294,553
51059000616,801,801,0
51059000617,1148,1148,0
51059000618,3044,2189,855
51059000619,2057,1788,269
51059000621,1371,1101,270
51059000622,1739,1739,0
51059000623,1733,1309,424
51059000626,2237,1569,668
51059000627,1942,1655,263
51059000628,2420,2003,417
51059000629,2412,1619,793
51059000630,476,349,127
51059000700,0,0,0
51059000701,2739,2098,589
51059000703,1175,929,204
51059000704,1502,1130,372
51059000705,2270,1741,435
51059000707,1657,1227,430
51059000708,3046,2319,598
51059000709,1883,1459,393
51059000710,1371,1013,299
51059000711,1304,963,341
51059000712,1089,834,218
51059000713,1981,1540,356
51059000714,2132,1609,523
51059000717,962,743,219
51059000718,1441,1045,396
51059000720,2051,1555,496
51059000721,2387,2029,354
51059000723,1149,916,189
51059000726,2513,1951,562
51059000727,1782,1209,553
51059000729,2360,1876,484
51059000730,2307,1666,600
51059000731,2410,1884,526
51059000732,2570,1644,900
51059000733,2730,2175,555
51059000734,1751,1390,334
51059000735,738,516,222
51059000801,2905,2106,799
51059000802,918,695,223
51059000803,3088,1630,1458
51059000804,1306,743,563
51059000805,1163,717,446
51059000806,2276,1579,697
51059000807,1496,1010,486
51059000811,1203,895,308
51059000812,1999,1444,555
51059000815,1875,1068,807
51059000824,2707,1837,870
51059000825,2023,1381,642
51059000827,1855,1333,522
51059000833,1988,1401,587
51059000838,1665,1039,626
51059000839,2386,1496,890
51059000840,2049,1504,545
51059000841,1066,631,435
51059000842,1545,959,586
51059000843,1963,1459,504
51059000844,1568,1204,337
51059000845,2653,1490,1163
51059000846,2014,1499,515
51059000847,1474,1019,455
51059000848,2151,1548,603
51059000849,3144,2057,1087
51059000850,2084,1309,775
51059000851,1883,1273,610
51059000901,1824,1331,493
51059000902,2255,1596,659
51059000903,2856,1929,927
51059000904,1096,680,416
51059000905,627,443,184
51059000908,1624,1130,494
51059000909,1458,1021,437
51059000910,2137,1553,584
51059000911,2525,1744,781
51059000913,3073,2096,977
51059000914,1643,1090,553
51059000915,1797,1006,791
51059000916,3007,1940,1067
51059000917,1061,774,287
51059000918,2513,1847,666
51059000919,2457,1792,665
51059000920,1810,1275,535
51059000921,2173,1381,792
51059000923,1656,980,676
51059000924,967,717,250
51059000925,1155,818,337
51059000926,2719,1989,730
51059000927,994,741,253
51059000928,1867,1266,601
51059000929,554,339,212
51059000930,1539,1097,442
51059000931,2184,1607,577
51059000932,1162,848,314
51059000933,583,370,213
51061000101,870,263,607
51061000102,1968,516,1452
51061000103,1040,416,624
51061000104,865,252,613
51061000105,853,228,625
51061000106,1222,488,734
51061000201,2324,1224,1100
51061000202,1871,846,1025
51061000203,2087,1019,1068
51061000301,1265,422,843
51061000302,1964,709,1255
51061000303,2391,1001,1390
51061000401,2066,895,1171
51061000402,1803,835,968
51061000403,2342,820,1522
51061000404,1012,409,603
51061000501,1619,785,834
51061000502,1903,780,1123
51061000503,1701,680,1021
51061000504,3256,1317,1939
51063000101,1406,467,939
51063000201,1670,679,991
51063000301,1328,549,779
51063000401,1446,464,982
51063000501,1500,368,1132
51065000101,2944,1536,1408
51065000201,2211,980,1231
51065000301,2300,1038,1262
51065000401,2857,1160,1697
51065000501,3009,1739,1270
51067000102,1767,450,1317
51067000103,3213,886,2327
51067000201,1333,262,1071
51067000202,1178,319,859
51067000203,232,46,186
51067000204,949,273,676
51067000301,568,123,445
51067000302,512,107,405
51067000303,1011,272,739
51067000304,428,124,304
51067000401,1010,160,850
51067000402,689,169,520
51067000403,580,126,454
51067000501,684,144,540
51067000502,1053,223,830
51067000503,622,178,444
51067000504,805,189,616
51067000601,1371,349,1022
51067000602,1285,275,1010
51067000603,930,216,714
51067000701,1183,359,824
51067000702,932,291,641
51067000703,760,294,466
51069000101,1542,401,1141
51069000102,1860,501,1359
51069000103,1954,671,1283
51069000104,1314,465,849
51069000201,1041,238,803
51069000202,1718,543,1175
51069000203,2108,675,1433
51069000204,1743,530,1213
51069000301,1079,275,804
51069000302,2823,1419,1404
51069000303,2258,835,1423
51069000401,1646,716,930
51069000402,1094,466,628
51069000403,1651,713,938
51069000404,1533,629,904
51069000501,1998,848,1150
51069000502,2618,1103,1515
51069000503,3285,1487,1798
51069000601,1098,470,628
51069000602,1503,726,777
51069000603,2896,1272,1624
51071000101,85,15,70
51071000102,377,68,309
51071000103,1265,195,1070
51071000201,1821,311,1510
51071000202,336,49,287
51071000203,181,29,152
51071000301,560,154,406
51071000302,1357,290,1067
51071000303,753,247,506
51073000101,1347,322,1025
51073000102,1021,269,752
51073000103,817,200,617
51073000201,1497,516,981
51073000202,2042,662,1380
51073000301,1620,490,1130
51073000302,1965,596,1369
51073000401,1662,600,1008
51073000402,1509,602,869
51073000501,2187,589,1598
51073000502,1553,459,1094
51075000101,983,345,638
51075000102,1554,580,974
51075000201,389,168,221
51075000202,2021,857,1164
51075000301,1659,662,997
51075000302,817,356,461
51075000401,1889,697,1192
51075000402,2649,1116,1533
51075000501,2538,909,1629
51075000502,2471,1103,1368
51077000101,249,58,191
51077000102,148,20,128
51077000103,286,72,214
51077000104,156,35,121
51077000105,171,25,146
51077000106,169,25,144
51077000107,99,19,80
51077000108,156,33,123
51077000202,457,80,377
51077000203,1093,211,882
51077000301,624,110,514
51077000302,830,150,680
51077000402,744,120,624
51077000403,304,62,242
51077004011,28,7,21
51077004012,320,81,239
51079000101,858,260,598
51079000102,1232,447,785
51079000201,2538,1224,1314
51079000301,2135,761,1374
51079000401,2678,1223,1455
51081000101,358,185,173
51081000102,159,55,104
51081000103,248,172,76
51081000201,390,265,125
51081000202,484,182,302
51081000302,401,242,159
51081000401,249,64,185
51081000402,833,536,297
51081000403,185,58,127
51083000101,616,216,394
51083000102,338,120,213
51083000103,698,258,429
51083000201,455,126,325
51083000202,424,141,276
51083000203,695,289,395
51083000302,268,153,104
51083000304,512,172,340
51083000305,884,504,380
51083000401,851,386,446
51083000403,811,287,524
51083000502,1143,440,703
51083000503,521,97,418
51083000601,657,229,428
51083000603,914,383,531
51083000605,302,102,200
51083000701,899,222,677
51083000702,618,103,513
51083000703,432,67,365
51083000801,1172,825,347
51085000101,1320,742,578
51085000104,1512,723,789
51085000105,1419,841,578
51085000106,891,390,501
51085000107,1273,633,640
51085000201,2285,599,1686
51085000202,926,327,599
51085000203,1702,570,1132
51085000206,1779,778,1001
51085000208,1495,496,999
51085000209,504,169,335
51085000210,665,260,405
51085000301,2070,682,1388
51085000303,1870,692,1178
51085000304,4764,2187,2577
51085000305,1858,752,1106
51085000401,2020,498,1522
51085000403,2068,669,1399
51085000404,2230,460,1770
51085000405,1188,474,714
51085000406,480,155,325
51085000502,1815,679,1136
51085000503,1455,627,828
51085000504,1310,269,1041
51085000505,952,207,745
51085000506,1708,524,1184
51085000507,1733,587,1146
51085000601,2576,993,1583
51085000602,2370,839,1531
51085000603,1421,618,803
51085000604,1284,478,806
51085000701,1892,592,1300
51085000702,1610,541,1069
51085000703,1820,585,1235
51085000704,2667,1179,1488
51085000705,1065,335,730
51087000101,2774,1637,1137
51087000102,1524,1524,0
51087000103,3155,1638,1517
51087000105,1510,1510,0
51087000106,1643,1637,6
51087000108,2686,1514,1172
51087000109,708,342,366
51087000110,2420,2420,0
51087000111,1978,1978,0
51087000112,1733,1058,675
51087000113,450,450,0
51087000114,740,477,263
51087000115,2890,1576,1314
51087000117,1540,1051,489
51087000201,1273,1273,0
51087000202,1611,1611,0
51087000203,1462,1462,0
51087000204,277,277,0
51087000205,467,467,0
51087000206,1473,1473,0
51087000207,1496,1496,0
51087000208,1272,1272,0
51087000209,1312,1312,0
51087000210,1105,948,157
51087000211,477,477,0
51087000212,542,542,0
51087000213,970,951,19
51087000214,1358,992,366
51087000215,1842,1842,0
51087000216,436,436,0
51087000217,561,373,188
51087000218,128,128,0
51087000219,198,166,32
51087000220,1982,1982,0
51087000221,232,232,0
51087000222,1199,1199,0
51087000223,2900,2210,690
51087000224,435,435,0
51087000301,1738,1063,675
51087000302,1896,1128,768
51087000303,2401,1558,843
51087000304,1176,702,474
51087000305,2791,1508,1283
51087000306,2025,1299,726
51087000307,984,604,380
51087000308,2454,1395,1059
51087000309,2490,1527,963
51087000310,2524,1336,1188
51087000311,1718,1026,692
51087000312,1501,926,575
51087000313,2823,1693,1130
51087000314,2036,1219,817
51087000315,2010,1550,460
51087000316,1746,1128,618
51087000401,2049,1379,670
51087000402,1603,1087,516
51087000403,1542,841,701
51087000404,1098,688,410
51087000405,2456,1414,1042
51087000406,1768,1127,641
51087000407,1516,843,673
51087000408,1684,992,692
51087000409,1839,1041,798
51087000410,1266,578,688
51087000411,1601,1028,573
51087000412,1986,1258,728
51087000413,2261,1300,961
51087000414,1541,951,590
51087000415,1078,738,340
51087000416,847,542,305
51087000417,2858,1448,1410
51087000418,1311,831,480
51087000419,1918,1086,832
51087000501,656,656,0
51087000502,783,783,0
51087000503,1073,1073,0
51087000504,989,989,0
51087000505,1736,1736,0
51087000506,1742,1742,0
51087000507,205,205,0
51087000508,1109,1109,0
51087000509,1080,1080,0
51087000510,1205,1205,0
51087000511,2495,2495,0
51087000512,611,611,0
51087000513,1708,1708,0
51087000514,2256,2256,0
51087000515,832,832,0
51087000516,2077,2077,0
51087000517,425,425,0
51087000518,994,994,0
51089000101,383,165,218
51089000102,782,169,613
51089000103,1284,277,1007
51089000201,450,162,285
51089000202,887,265,615
51089000203,667,466,191
51089000204,900,226,674
51089000302,577,254,314
51089000303,987,405,577
51089000304,1132,565,551
51089000305,528,206,315
51089000401,576,168,402
51089000402,621,226,386
51089000404,1077,339,729
51089000405,583,256,318
51089000501,435,178,257
51089000502,676,171,490
51089000503,1049,212,837
51089000504,348,96,252
51089000505,459,126,330
51089000601,967,294,655
51089000602,314,131,179
51089000603,949,260,671
51089000604,773,200,564
51091000001,367,105,262
51091000003,94,17,77
51091000005,253,79,174
51091000007,144,50,94
51091000008,254,57,197
51091000010,77,17,60
51093000101,2184,838,1346
51093000102,2132,866,1266
51093000201,2277,982,1295
51093000202,2651,1181,1470
51093000301,1476,715,761
51093000302,1517,836,681
51093000401,678,189,489
51093000402,1385,496,889
51093000403,1757,861,896
51093000501,758,195,563
51093000502,342,136,206
51093000503,473,188,285
51093000504,917,242,675
51093000505,536,136,400
51095000101,2482,1385,1022
51095000102,1862,1014,805
51095000103,3681,1768,1913
51095000201,842,502,340
51095000202,2583,1696,887
51095000203,2034,1122,912
51095000204,3019,1533,1486
51095000301,3333,1671,1662
51095000302,668,410,258
51095000303,1083,374,709
51095000304,2397,1468,929
51095000401,2859,1389,1470
51095000402,4711,2494,2217
51095000403,3103,1470,1633
51095000501,902,623,218
51095000502,2601,1254,1296
51095000503,711,342,355
51095000504,2750,1635,1047
51095001041,2,1,1
51095001042,946,566,380
51097000101,612,307,305
51097000201,684,209,475
51097000301,633,225,408
51097000401,736,288,448
51097000501,592,146,446
51099000101,2542,1038,1436
51099000102,968,329,613
51099000201,2884,952,1841
51099000301,2311,960,1295
51099000401,2902,982,1841
51101000101,1485,510,975
51101000201,666,180,486
51101000202,1123,353,770
51101000301,1836,500,1336
51101000401,2074,628,1446
51101000501,1806,584,1222
51103000101,1222,424,784
51103000201,936,467,455
51103000301,918,317,589
51103000302,472,134,335
51103000401,1042,530,499
51103000501,1402,479,897
51105000101,296,54,242
51105000102,300,33,267
51105000103,572,63,509
51105000201,134,25,109
51105000202,531,67,464
51105000203,823,122,701
51105000301,918,137,781
51105000302,495,73,422
51105000401,300,43,257
51105000402,237,31,206
51105000403,322,25,297
51105000404,534,67,467
51105000501,197,33,164
51105000502,528,76,452
51105000503,69,11,58
51105000504,101,13,88
51107000107,1914,1227,687
51107000108,1638,1078,560
51107000112,1430,993,437
51107000114,1501,1016,485
51107000117,741,522,219
51107000118,2129,1490,639
51107000119,1431,982,449
51107000120,2086,1423,663
51107000121,1068,708,360
51107000122,1943,1264,679
51107000123,1099,724,375
51107000124,1316,903,413
51107000125,1389,969,420
51107000126,1659,1104,555
51107000207,1217,784,433
51107000208,1187,762,425
51107000209,1801,1191,610
51107000210,1947,1274,673
51107000213,721,510,211
51107000214,2109,1327,782
51107000215,1765,1179,586
51107000216,1689,1028,661
51107000217,1957,1206,751
51107000218,1263,893,370
51107000219,1373,889,484
51107000301,2383,1300,1083
51107000302,2044,934,1110
51107000303,1848,818,1030
51107000305,997,441,556
51107000307,872,512,360
51107000308,928,540,388
51107000309,673,344,329
51107000310,2497,1315,1182
51107000311,2399,1113,1286
51107000312,1958,1338,620
51107000313,2610,1628,982
51107000314,1786,1255,531
51107000315,698,309,389
51107000316,2570,1828,742
51107000318,3125,1756,1369
51107000319,3987,2577,1410
51107000320,3441,2514,927
51107000321,1591,1175,416
51107000322,1498,1037,461
51107000401,2631,1251,1380
51107000402,2397,1138,1259
51107000403,2516,1305,1211
51107000407,1262,802,460
51107000408,2703,1537,1166
51107000409,2183,1051,1132
51107000411,1695,749,946
51107000413,100,50,50
51107000414,1131,710,421
51107000416,2500,1248,1252
51107000420,1846,979,867
51107000421,252,109,143
51107000422,1634,792,842
51107000501,1847,1217,630
51107000502,1754,1250,504
51107000503,1226,836,390
51107000504,2035,1350,685
51107000505,2062,1282,780
51107000506,1011,704,307
51107000507,997,634,363
51107000508,1931,1238,693
51107000509,2308,1595,713
51107000510,1270,743,527
51107000615,1796,1199,597
51107000616,1902,1264,638
51107000617,671,472,199
51107000619,799,618,181
51107000620,2097,1425,672
51107000621,2135,1471,664
51107000622,2246,1523,723
51107000623,2914,1977,937
51107000625,794,526,268
51107000626,1717,1169,548
51107000627,980,690,290
51107000628,2760,1940,820
51107000629,553,392,161
51107000701,1351,877,474
51107000702,1867,1259,608
51107000703,1431,994,437
51107000705,1812,1201,611
51107000707,1234,904,330
51107000708,1599,990,609
51107000709,1514,1007,507
51107000710,1054,716,338
51107000808,2306,1519,787
51107000810,1817,1258,559
51107000813,1417,952,465
51107000814,2239,1261,978
51107000815,2429,1552,877
51107000817,2371,1525,846
51107000818,1541,1043,498
51107000819,1473,963,510
51107000820,1538,999,539
51107000822,1477,910,567
51109000101,1708,1708,0
51109000102,630,630,0
51109000201,1243,536,707
51109000202,1126,420,706
51109000301,1580,1189,391
51109000302,540,213,327
51109000401,2139,694,1445
51109000402,625,220,405
51109000501,694,293,401
51109000502,929,277,652
51109000503,1124,351,773
51109000601,1134,321,813
51109000602,1192,322,870
51109007011,1363,390,973
51109007012,4,1,3
51109007021,1055,401,654
51109007022,0,0,0
51109007023,6,2,4
51111000101,268,69,187
51111000201,509,195,300
51111000301,337,78,246
51111000302,400,120,268
51111000401,240,53,183
51111000402,478,136,324
51111000501,300,130,156
51111000502,370,198,159
51111000601,609,235,358
51111000701,295,100,181
51111000702,638,188,418
51113000001,756,318,438
51113000002,1096,407,689
51113000003,593,175,418
51113000004,76,26,50
51113000005,1201,441,760
51113000006,644,224,420
51113000007,1254,337,917
51113000008,544,185,359
51113000009,387,127,260
51115000001,1053,274,779
51115000002,1715,506,1209
51115000003,1995,559,1436
51117000101,387,177,203
51117000102,189,41,146
51117000103,699,305,378
51117000201,431,154,273
51117000202,165,68,94
51117000203,282,154,123
51117000301,960,221,720
51117000302,513,203,301
51117000401,1095,515,561
51117000402,147,67,77
51117000501,1267,563,683
51117000601,570,174,389
51117000602,273,63,207
51117000603,221,76,141
51117000604,377,112,257
51117000701,538,277,252
51117000702,520,178,334
51117000801,206,69,135
51117000802,741,199,530
51117000803,468,190,268
51117000901,153,29,120
51117000902,352,79,266
51117000903,1211,393,782
51119000101,385,138,247
51119000102,698,233,465
51119000201,1378,374,1004
51119000302,959,388,571
51119000401,926,363,563
51119000501,1267,393,874
51121000101,2078,1242,836
51121000102,1495,1185,310
51121000103,2278,1666,612
51121000201,310,144,166
51121000202,2077,1013,1064
51121000204,2381,1275,1106
51121000301,1614,463,1151
51121000302,1542,595,947
51121000303,515,152,363
51121000304,1775,771,1004
51121000401,993,370,623
51121000402,1655,468,1187
51121000404,713,176,537
51121000405,1627,641,986
51121000501,2068,1268,800
51121000502,1219,509,710
51121000503,1365,1191,174
51121000601,2007,1536,471
51121000602,1734,1396,338
51121000603,501,403,98
51121000701,2091,1598,493
51121000702,1723,1380,343
51121002031,317,117,200
51121002032,1092,543,549
51121004031,1368,375,993
51121004032,1,0,1
51125000101,1063,1063,0
51125000201,821,369,452
51125000202,291,291,0
51125000301,1091,470,621
51125000302,170,54,116
51125000401,1172,464,708
51125000402,122,48,74
51125000501,404,404,0
51125000502,1567,949,618
51127000102,563,113,450
51127000103,1754,435,1319
51127000201,1649,702,947
51127000202,1361,418,943
51127000301,2084,919,1165
51127000302,1446,469,977
51127000401,2168,951,1217
51127000403,638,241,397
51127000501,862,260,602
51127000502,1317,335,982
51131000101,1544,757,787
51131000201,997,603,394
51131000301,918,576,342
51131000401,1166,563,603
51131000501,889,407,482
51133000101,1078,339,726
51133000201,1380,419,935
51133000301,919,520,378
51133000401,1739,533,1180
51133000501,1691,483,1177
51135000101,735,244,480
51135000102,378,115,255
51135000201,678,221,442
51135000202,286,68,211
51135000302,339,119,209
51135000401,507,354,140
51135000402,582,180,393
51135000501,1176,442,703
51135003011,158,57,97
51135003012,490,244,234
51137000101,1673,704,969
51137000102,1586,675,911
51137000201,1794,578,1216
51137000202,1485,402,1083
51137000301,1944,971,973
51137000302,638,202,436
51137000401,1705,493,1212
51137000402,2102,954,1148
51137000501,1997,955,1042
51137000502,2281,1085,1196
51139000101,1915,619,1296
51139000201,1904,556,1348
51139000301,2040,389,1651
51139000401,1595,338,1257
51139000501,1778,303,1475
51141000101,389,98,291
51141000102,360,71,289
51141000103,410,64,346
51141000201,255,57,198
51141000202,635,158,477
51141000203,509,130,379
51141000301,747,173,574
51141000302,540,105,435
51141000401,613,180,433
51141000402,677,165,512
51141000501,283,68,215
51141000502,431,99,332
51141000503,635,149,486
51143000103,1965,397,1543
51143000105,691,205,480
51143000106,927,199,720
51143000108,530,187,343
51143000201,766,157,599
51143000202,189,68,120
51143000204,538,123,397
51143000206,578,110,464
51143000207,1316,301,961
51143000301,686,340,332
51143000305,617,284,313
51143000307,739,492,247
51143000308,348,156,185
51143000309,393,142,247
51143000402,820,207,613
51143000404,1405,346,1059
51143000405,1462,404,1058
51143000501,1243,379,864
51143000502,1308,346,917
51143000503,717,164,535
51143000603,972,225,735
51143000604,799,219,567
51143000605,724,174,539
51143000606,670,264,394
51143000607,358,58,293
51143000702,1120,196,910
51143000703,212,65,146
51143000704,1676,556,1120
51143000705,755,186,569
51145000101,1868,479,1353
51145000102,1471,471,980
51145000103,922,204,705
51145000201,1291,259,1016
51145000202,1768,417,1325
51145000301,1504,364,1121
51145000302,1835,519,1292
51145000401,2503,558,1916
51145000402,957,211,735
51145000501,1343,413,905
51145000502,646,216,423
51145000503,728,109,607
51147000101,1035,497,497
51147000201,1163,492,671
51147000301,777,325,432
51147000302,360,174,174
51147000401,826,368,437
51147000501,555,195,345
51147000502,323,139,175
51147000601,1137,575,538
51147000701,866,465,373
51147000801,315,231,69
51149000101,861,332,529
51149000102,2509,603,1906
51149000103,1433,627,806
51149000104,836,439,397
51149000105,621,112,509
51149000201,2281,949,1332
51149000202,1506,513,993
51149000203,625,181,444
51149000204,1976,1094,882
51149000205,1007,663,344
51153000101,2052,666,1386
51153000102,2841,1720,1121
51153000103,1860,1048,812
51153000104,2437,1092,1345
51153000105,2694,1566,1128
51153000107,2977,1810,1167
51153000108,3104,1938,1166
51153000109,2158,1403,755
51153000110,1699,1020,679
51153000111,1340,791,549
51153000112,2924,1731,1193
51153000114,1807,1064,743
51153000201,1078,1078,0
51153000202,2333,1245,1088
51153000203,2213,1297,916
51153000204,1376,946,430
51153000205,2486,1417,1069
51153000206,1568,833,735
51153000207,1830,1830,0
51153000208,995,995,0
51153000209,1622,663,959
51153000210,1200,1200,0
51153000211,2012,1259,753
51153000212,1979,1317,662
51153000213,754,754,0
51153000214,1251,612,639
51153000215,1156,1156,0
51153000301,1356,1054,302
51153000302,1549,1317,232
51153000303,971,732,239
51153000304,194,108,86
51153000305,1257,1257,0
51153000306,1582,1582,0
51153000307,1189,1189,0
51153000308,784,784,0
51153000309,1070,1070,0
51153000310,1465,1087,378
51153000311,4339,3440,899
51153000312,1802,1345,457
51153000313,1249,1249,0
51153000314,1143,1143,0
51153000315,1015,865,150
51153000401,2057,924,1133
51153000402,2707,1244,1463
51153000403,1900,1148,752
51153000404,1496,1073,423
51153000405,1708,1283,425
51153000406,1204,664,540
51153000407,2959,1670,1289
51153000408,890,664,226
51153000409,2876,1824,1052
51153000410,2434,1348,1086
51153000411,1725,1330,395
51153000412,1493,620,873
51153000413,3173,1742,1431
51153000501,1198,1198,0
51153000502,817,817,0
51153000503,1271,1271,0
51153000504,1062,1062,0
51153000505,1347,1347,0
51153000506,1752,1752,0
51153000507,1151,1151,0
51153000508,982,982,0
51153000509,1502,1502,0
51153000510,1261,655,606
51153000511,1679,1679,0
51153000512,1447,1447,0
51153000513,1224,1224,0
51153000514,1525,1525,0
51153000601,1103,1103,0
51153000602,1962,1962,0
51153000603,1011,1011,0
51153000604,1237,1237,0
51153000605,1069,1069,0
51153000606,1060,1060,0
51153000607,1420,1420,0
51153000608,1187,1187,0
51153000609,1540,1540,0
51153000610,1475,1475,0
51153000611,952,952,0
51153000701,1398,1398,0
51153000702,1444,1444,0
51153000703,593,593,0
51153000704,1158,1158,0
51153000705,706,706,0
51153000706,1360,1360,0
51153000707,1064,1064,0
51153000708,1678,1394,284
51153000709,1757,1491,266
51153000710,1448,1261,187
51153000711,1247,1247,0
51153000712,1382,1382,0
51153001061,1054,769,285
51153001062,134,110,24
51155000101,509,132,377
51155000102,1745,644,1101
51155000103,729,191,538
51155000201,977,190,787
51155000202,197,72,125
51155000203,1440,422,1018
51155000301,1472,349,1123
51155000302,305,67,238
51155000304,851,196,655
51155000401,1722,521,1201
51155000402,567,86,481
51155000501,1969,641,1328
51157000101,775,362,413
51157000201,840,257,583
51157000301,825,415,410
51157000401,774,334,440
51157000501,332,89,243
51157000502,487,234,253
51159000101,623,242,373
51159000201,608,164,439
51159000301,647,192,451
51159000401,586,149,428
51159000501,653,142,503
51161000101,513,144,369
51161000102,457,128,329
51161000103,1812,574,1238
51161000104,930,420,510
51161000105,1976,873,1103
51161000106,1792,605,1187
51161000107,656,184,472
51161000108,912,310,602
51161000201,1230,504,726
51161000202,855,436,419
51161000203,1969,767,1202
51161000204,1483,628,855
51161000205,2389,839,1550
51161000206,652,293,359
51161000301,461,172,289
51161000302,2349,926,1423
51161000303,918,458,460
51161000304,2051,885,1166
51161000305,2488,1119,1369
51161000306,1160,574,586
51161000401,1161,363,798
51161000402,474,150,324
51161000403,1137,448,689
51161000404,1402,545,857
51161000405,1379,439,940
51161000406,1669,475,1194
51161000501,1236,560,676
51161000502,956,429,527
51161000503,1313,582,731
51161000504,1151,624,527
51161000505,884,275,609
51161000506,796,420,376
51161000507,2029,922,1107
51163000101,922,456,466
51163000102,571,174,397
51163000103,366,83,283
51163000104,357,107,250
51163000201,719,264,455
51163000202,1202,429,773
51163000203,324,150,174
51163000301,566,177,389
51163000302,604,146,458
51163000303,309,73,236
51163000401,688,187,501
51163000402,981,262,719
51163000403,311,60,251
51163000501,332,55,277
51163000502,676,270,406
51163000503,415,133,282
51163000504,757,229,528
51165000101,1732,567,1165
51165000102,879,247,632
51165000103,915,106,809
51165000104,312,30,282
51165000105,736,149,587
51165000106,690,139,551
51165000107,779,165,614
51165000108,569,121,448
51165000201,1141,251,890
51165000202,1812,613,1199
51165000203,762,241,521
51165000204,1226,315,911
51165000205,1576,599,977
51165000301,813,249,564
51165000302,1278,309,969
51165000303,688,158,530
51165000304,1314,356,958
51165000305,2218,1082,1136
51165000306,435,107,328
51165000307,2258,968,1290
51165000401,1035,352,683
51165000402,1195,228,967
51165000403,191,65,126
51165000404,1593,617,976
51165000405,1446,263,1183
51165000406,1515,635,880
51165000501,1306,377,929
51165000502,1765,234,1531
51165000503,1767,489,1278
51165000504,819,120,699
51165000505,1239,514,725
51167000101,746,102,644
51167000102,511,88,423
51167000103,369,80,289
51167000201,1095,192,903
51167000202,194,32,162
51167000301,194,33,161
51167000302,263,42,221
51167000303,579,82,497
51167000304,350,85,265
51167000401,58,22,36
51167000402,845,93,752
51167000403,374,67,307
51167000501,1536,352,1184
51167000601,777,130,647
51167000602,1009,139,870
51169000101,498,87,411
51169000102,696,132,564
51169000202,413,65,348
51169000203,680,122,558
51169000204,187,22,165
51169000301,436,69,367
51169000302,359,60,299
51169000303,374,81,293
51169000304,122,16,106
51169000401,1259,221,1038
51169000501,226,49,177
51169000502,257,48,209
51169000503,196,27,169
51169000504,398,42,356
51169000601,271,47,224
51169000602,591,83,508
51169000603,145,31,114
51171000101,956,342,614
51171000103,2044,554,1490
51171000201,1586,339,1247
51171000202,1208,330,878
51171000302,1276,327,949
51171000303,1390,300,1090
51171000304,782,224,558
51171000401,2761,917,1844
51171000501,135,34,101
51171000503,1868,485,1383
51171000504,1356,321,1035
51171000601,2718,1031,1687
51173000101,1207,259,948
51173000201,1016,155,861
51173000202,384,85,299
51173000301,1173,217,956
51173000302,321,59,262
51173000401,802,241,561
51173000402,505,152,353
51173000501,870,154,716
51173000502,674,240,434
51173000601,841,227,614
51173000602,523,105,418
51173000701,956,129,827
51173000702,585,148,437
51173000703,81,12,69
51175000101,579,90,489
51175000102,778,261,517
51175000201,669,324,345
51175000202,197,96,101
51175000301,356,136,220
51175000302,590,193,397
51175000401,700,274,426
51175000501,1044,318,726
51175000502,389,147,242
51175000601,793,333,460
51175000602,358,82,276
51175000701,406,193,213
51175000702,549,241,308
51177000101,1820,452,1368
51177000102,1894,518,1376
51177000103,3220,1561,1659
51177000104,2183,1236,947
51177000201,1984,943,1041
51177000202,2003,836,1167
51177000203,1819,797,1022
51177000204,2195,1167,1028
51177000301,2537,1414,1123
51177000302,2108,1134,974
51177000303,3725,1771,1954
51177000401,3014,1733,1281
51177000402,3269,2024,1245
51177000403,2781,1557,1224
51177000501,1581,502,1079
51177000502,1466,413,1053
51177000503,1508,401,1107
51177000504,2143,920,1223
51177000505,3123,1320,1803
51177000601,2326,1307,1019
51177000602,2681,1585,1096
51177000603,1354,747,607
51177000701,1520,864,656
51177000702,2510,1453,1057
51177000703,1208,689,519
51177000704,3505,1891,1614
51179000101,4042,1548,2494
51179000102,2221,1346,875
51179000103,3001,1553,1448
51179000104,3162,1592,1570
51179000201,1833,1036,797
51179000202,2383,1209,1174
51179000203,1788,647,1141
51179000204,2846,1395,1451
51179000301,1289,926,363
51179000302,2583,1608,975
51179000303,1311,677,634
51179000304,858,537,321
51179000401,788,622,166
51179000402,2951,1987,964
51179000403,3030,1521,1509
51179000404,1652,843,809
51179000501,2904,1473,1431
51179000502,2124,1204,920
51179000503,2228,1271,957
51179000504,1815,1141,674
51179000601,1910,900,1010
51179000602,2318,1256,1062
51179000603,2649,981,1668
51179000604,1750,1144,606
51179000701,3715,2369,1346
51179000702,1954,1330,624
51179000703,3715,2251,1464
51181000101,771,299,472
51181000201,688,417,271
51181000301,353,178,175
51181000302,362,182,180
51181000401,733,377,356
51181000501,460,211,249
51181000502,204,163,41
51183000101,562,417,145
51183000201,444,242,202
51183000202,180,96,84
51183000301,583,205,378
51183000302,143,68,75
51183000401,548,256,292
51183000402,108,57,51
51183000501,401,209,192
51183000502,218,85,133
51183000601,450,195,255
51183000602,199,97,102
51185000101,373,41,332
51185000102,280,43,237
51185000103,593,84,509
51185000104,303,40,263
51185000106,159,24,135
51185000107,70,7,63
51185000109,119,11,108
51185000112,168,17,151
51185000203,92,9,83
51185000204,427,54,373
51185000207,113,13,100
51185000209,1911,426,1485
51185000214,410,58,352
51185000301,1414,148,1266
51185000302,282,48,234
51185000303,1100,144,956
51185000401,2116,338,1778
51185000402,144,16,128
51185000501,893,124,769
51185000502,1564,320,1244
51187000101,999,398,601
51187000102,2167,636,1531
51187000201,1817,661,1156
51187000202,1653,697,956
51187000301,1218,531,687
51187000302,1820,576,1244
51187000401,2355,796,1559
51187000402,1023,370,653
51187000501,1794,723,1071
51187000502,686,186,500
51187000504,575,181,394
51191000101,1834,594,1240
51191000102,1045,386,659
51191000201,615,107,508
51191000202,1092,172,920
51191000203,376,50,326
51191000204,1033,229,804
51191000301,1823,400,1423
51191000302,1734,592,1142
51191000401,1195,232,963
51191000402,1487,303,1184
51191000501,1800,268,1532
51191000502,852,222,630
51191000504,159,25,134
51191000601,1395,208,1187
51191000602,292,33,259
51191000603,1055,192,863
51191000701,1268,231,1037
51191000703,1303,273,1030
51191007021,147,31,116
51191007022,463,88,375
51193000101,834,481,340
51193000102,505,242,259
51193000201,1256,568,672
51193000202,653,248,394
51193000301,853,353,487
51193000302,735,281,445
51193000401,1712,524,1152
51193000501,1553,682,840
51195000101,557,120,437
51195000102,394,60,334
51195000103,430,77,353
51195000104,1136,189,947
51195000201,581,91,490
51195000202,1780,360,1420
51195000203,331,58,273
51195000301,1359,325,1034
51195000302,1374,227,1147
51195000401,1327,203,1124
51195000402,1214,155,1059
51195000403,465,92,373
51197000101,444,58,386
51197000102,1462,251,1211
51197000203,1745,550,1195
51197000303,1856,617,1239
51197000401,970,152,818
51197000402,914,158,756
51197000501,714,114,600
51197000502,1000,153,847
51197000601,477,58,419
51197000602,767,121,646
51197000603,593,116,477
51199000101,1806,1065,711
51199000102,3077,1664,1311
51199000103,3179,2030,1003
51199000201,2730,1492,1238
51199000202,1498,754,696
51199000301,2814,769,1955
51199000302,2086,959,1059
51199000303,2076,1100,878
51199000401,2674,1024,1549
51199000402,2656,988,1576
51199000403,1382,618,716
51199000501,2828,1267,1561
51199000502,2571,1348,1223
51510000101,1920,1920,0
51510000102,1506,1506,0
51510000103,1891,1891,0
51510000104,1763,1763,0
51510000105,1512,1512,0
51510000106,2196,2196,0
51510000107,2881,2881,0
51510000108,2682,2682,0
51510000109,1485,1485,0
51510000110,2376,2376,0
51510000111,1037,1037,0
51510000112,1877,1877,0
51510000201,1990,1990,0
51510000202,1637,1637,0
51510000203,1608,1608,0
51510000204,1473,1473,0
51510000205,2105,2105,0
51510000206,1490,1490,0
51510000207,2042,2042,0
51510000208,2223,2223,0
51510000209,1925,1925,0
51510000210,1081,1081,0
51510000302,1427,1427,0
51510000303,1361,1361,0
51510000304,1499,1499,0
51510000305,1272,1272,0
51510000306,1817,1817,0
51510000307,1525,1525,0
51510000308,2109,2109,0
51510000309,1003,1003,0
51520000001,846,273,573
51520000002,1184,453,731
51520000003,756,325,431
51520000041,1948,457,1491
51520000042,0,0,0
51530000001,1189,321,868
51530000002,880,303,577
51540000101,2594,2594,0
51540000102,2375,2375,0
51540000201,1687,1687,0
51540000202,2383,2383,0
51540000301,1526,1526,0
51540000302,2126,2126,0
51540000303,1573,1573,0
51540000401,1036,1036,0
51540000402,1409,1409,0
51550000001,1629,646,983
51550000002,1662,390,1272
51550000003,1187,1187,0
51550000004,1683,707,976
51550000005,1300,1300,0
51550000006,1490,903,587
51550000007,1585,710,875
51550000008,1242,1242,0
51550000009,2346,827,1519
51550000010,721,426,295
51550000011,692,692,0
51550000012,1221,1221,0
51550000013,920,920,0
51550000014,2645,1279,1366
51550000015,1322,1322,0
51550000016,1831,512,1319
51550000017,1338,326,1012
51550000018,932,932,0
51550000019,1192,458,734
51550000020,1970,944,1026
51550000021,1862,1045,817
51550000022,889,422,467
51550000023,1742,1002,740
51550000024,1197,746,451
51550000025,962,962,0
51550000026,587,407,180
51550000027,1578,872,706
51550000028,303,129,174
51550000029,1221,537,684
51550000030,603,574,29
51550000031,1210,1210,0
51550000032,1601,1488,113
51550000033,477,477,0
51550000034,2298,738,1560
51550000035,987,729,258
51550000036,1606,617,989
51550000037,2003,839,1164
51550000038,1527,564,963
51550000039,767,767,0
51550000041,2725,1617,1108
51550000042,1132,1132,0
51550000043,1606,492,1114
51550000044,1515,1003,512
51550000045,436,436,0
51550000046,1566,804,762
51550000048,1563,1563,0
51550000049,1833,1028,805
51550000050,1644,993,651
51550000051,2747,1018,1729
51550000052,1611,1019,592
51550000053,2478,1432,1046
51550000054,1407,1027,380
51550000055,977,977,0
51550000056,966,966,0
51550000057,1089,1089,0
51550000058,465,465,0
51550000059,1598,868,730
51550000060,1809,692,1117
51550000061,2210,692,1518
51550000062,1694,594,1100
51550000063,1222,368,854
51550000064,1966,1208,758
51550000065,1938,965,973
51570000001,874,325,549
51570000002,1034,390,644
51570000003,1290,467,823
51570000004,1624,530,1094
51570000005,1698,416,1282
51580000101,278,93,185
51580000201,316,137,179
51580000301,243,133,110
51580000401,429,116,313
51580000501,398,92,306
51590000001,355,291,64
51590000002,402,273,129
51590000003,751,527,224
51590000004,1381,780,601
51590000006,377,300,77
51590000007,547,453,94
51590000008,569,414,155
51590000009,569,313,256
51590000010,789,510,279
51590000011,1087,744,343
51590000012,1176,806,370
51590000013,993,676,317
51590000014,133,117,16
51590000015,901,490,411
51590000016,1116,488,628
51590000017,1077,397,680
51595000101,301,189,112
51595000201,168,145,23
51595000301,271,136,135
51595000401,322,188,134
51595000501,150,132,18
51595000601,267,114,153
51595000701,159,118,41
51600000001,1461,1044,391
51600000002,1966,1381,535
51600000003,2227,1610,585
51600000004,1715,1222,462
51600000005,1480,1058,388
51600000006,1462,1010,374
51610000001,2358,1928,349
51610000002,2139,1736,328
51610000003,3001,2467,436
51620000101,695,267,428
51620000201,588,312,276
51620000301,431,375,56
51620000401,319,260,59
51620000501,334,310,24
51620000601,550,331,219
51630000101,3030,2001,1029
51630000201,2300,1695,605
51630000301,2638,1806,832
51630000401,1409,1091,318
51630000402,1083,805,278
51640000001,817,240,577
51640000002,542,167,375
51640000003,508,156,352
51650000101,1475,1290,185
51650000102,1401,1298,103
51650000103,993,845,148
51650000104,2066,1816,250
51650000105,1307,1077,230
51650000106,1681,1193,488
51650000107,1424,1219,205
51650000108,1691,1484,207
51650000109,1717,1560,157
51650000110,420,285,135
51650000111,669,442,227
51650000112,2070,1561,509
51650000115,1044,692,352
51650000116,748,612,136
51650000117,1278,983,295
51650000118,1672,1496,176
51650000201,1837,1105,732
51650000202,1884,1242,642
51650000203,1301,887,414
51650000204,1418,1009,409
51650000205,2591,1266,1325
51650000208,2446,1647,799
51650000209,1511,982,529
51650000210,2627,2095,532
51650000212,2691,2164,527
51650000213,2407,1439,968
51650000214,1829,1221,608
51650000215,438,373,65
51650000216,1121,794,327
51650000217,831,467,364
51660000101,1831,1321,510
51660000102,995,745,250
51660000103,1830,1311,519
51660000104,1714,1183,531
51660000105,914,794,120
51660000201,2039,1336,703
51660000202,1807,1230,577
51660000203,1971,1360,611
51670000101,800,415,385
51670000201,624,488,136
51670000301,1267,525,742
51670000401,1547,845,702
51670000501,849,391,458
51670000601,762,580,182
51670000701,773,482,291
51678000001,2150,1411,739
51680000101,2321,1110,1211
51680000102,2543,1089,1454
51680000103,1823,861,962
51680000104,739,467,272
51680000105,1152,682,470
51680000201,1910,1358,552
51680000202,1407,1030,377
51680000203,477,320,157
51680000204,456,225,231
51680000301,842,459,383
51680000302,1493,47,1446
51680000303,854,371,483
51680000304,959,359,600
51680000305,1956,644,1312
51680000401,2767,978,1789
51680000402,990,447,543
51680000403,1735,836,899
51680000404,2125,1006,1119
51683000001,1512,1236,276
51683000002,1715,1317,398
51683000003,1827,1344,483
51683000004,1645,1242,403
51683000005,1549,1189,360
51683000006,1521,1129,392
51685000001,1472,1158,314
51685000002,975,721,254
51685000003,1347,959,388
51690000001,376,354,20
51690000002,864,463,387
51690000003,451,312,132
51690000004,766,533,226
51690000005,1272,471,775
51690000006,198,188,8
51700000101,1847,1400,406
51700000102,1876,1494,337
51700000103,1774,1178,568
51700000104,1262,971,260
51700000105,632,381,242
51700000106,2090,1490,549
51700000107,2527,1800,667
51700000108,1686,1214,313
51700000109,1040,709,306
51700000110,1859,1361,450
51700000201,297,297,0
51700000202,1848,1038,776
51700000203,2413,1344,1014
51700000204,775,525,234
51700000205,1944,925,986
51700000208,1223,599,597
51700000209,1151,1151,0
51700000210,2358,1404,900
51700000211,1302,1302,0
51700000212,1028,524,492
51700000213,843,429,392
51700000215,653,653,0
51700000216,905,547,346
51700000217,1608,845,725
51700000218,2241,2241,0
51700000219,1552,1552,0
51700000302,853,853,0
51700000303,593,593,0
51700000304,434,434,0
51700000305,263,263,0
51700000306,181,181,0
51700000307,321,321,0
51700000308,355,355,0
51700000309,475,475,0
51700000310,539,539,0
51700000311,1263,1263,0
51700000312,213,213,0
51700000313,670,670,0
51700000314,588,588,0
51700000315,830,830,0
51700000316,1044,1044,0
51700000317,212,212,0
51700000318,524,524,0
51700000319,1429,1429,0
51700000320,1973,1973,0
51710000101,1503,1503,0
51710000102,821,508,313
51710000103,1274,750,524
51710000104,615,547,68
51710000106,1761,1177,584
51710000201,1881,1398,483
51710000203,943,744,199
51710000207,1477,1341,136
51710000208,1221,791,430
51710000210,1508,1200,308
51710000211,2369,1784,585
51710000212,1002,937,65
51710000213,1896,1574,322
51710000214,1592,1592,0
51710000215,958,958,0
51710000217,878,878,0
51710000218,1772,1772,0
51710000301,1087,1087,0
51710000302,669,669,0
51710000303,1408,1408,0
51710000304,607,607,0
51710000305,930,930,0
51710000306,759,759,0
51710000309,1774,1774,0
51710000310,1651,1651,0
51710000311,1725,1725,0
51710000313,556,533,23
51710000402,937,906,31
51710000404,1020,968,52
51710000405,1245,1184,61
51710000406,704,704,0
51710000408,1108,1108,0
51710000409,855,855,0
51710000411,540,509,31
51710000412,1153,1003,150
51710000413,1500,1500,0
51710000414,906,865,41
51710000415,916,916,0
51710000501,1623,982,641
51710000503,2113,1269,844
51710000504,984,984,0
51710000505,984,556,428
51710000506,1739,1202,537
51710000507,1398,884,514
51710000509,1411,705,706
51710000510,1602,827,775
51710000511,1405,838,567
51710000512,944,564,380
51720000001,1043,265,778
51730000101,1209,1087,122
51730000201,1728,1570,158
51730000301,1926,1602,324
51730000401,1396,1185,211
51730000501,1228,1123,105
51730000601,1074,1013,61
51730000701,1383,1266,117
51735000001,2014,590,1424
51735000002,1955,519,1436
51735000003,2230,663,1567
51740000001,1024,1024,0
51740000005,551,551,0
51740000007,659,659,0
51740000009,933,933,0
51740000010,479,479,0
51740000011,681,681,0
51740000013,382,382,0
51740000014,753,753,0
51740000016,647,647,0
51740000017,857,857,0
51740000019,398,398,0
51740000020,904,904,0
51740000021,499,499,0
51740000022,685,685,0
51740000023,574,574,0
51740000024,620,620,0
51740000025,852,852,0
51740000026,956,956,0
51740000027,851,851,0
51740000028,1456,1456,0
51740000029,370,370,0
51740000030,538,538,0
51740000031,999,999,0
51740000032,599,599,0
51740000033,442,442,0
51740000034,791,789,2
51740000035,856,856,0
51740000036,1814,1814,0
51740000037,1311,1311,0
51740000038,1386,1386,0
51740000039,1778,1778,0
51750000001,896,591,305
51750000002,1427,683,744
51750000003,1519,656,863
51750000004,809,532,277
51760000101,601,398,203
51760000102,955,579,376
51760000104,1487,861,626
51760000105,1344,960,384
51760000106,1564,772,792
51760000111,1345,973,372
51760000112,1162,904,258
51760000113,1695,1508,187
51760000114,2177,1910,267
51760000115,1092,659,433
51760000203,1176,984,192
51760000204,1786,1564,222
51760000206,857,779,78
51760000207,1866,1638,228
51760000208,1615,1424,191
51760000213,2053,1954,99
51760000214,1190,1131,59
51760000215,2037,1741,296
51760000301,674,627,47
51760000302,873,756,117
51760000303,834,771,63
51760000304,1162,1098,64
51760000305,1199,1098,101
51760000306,1005,935,70
51760000307,1360,1137,223
51760000308,1368,1151,217
51760000309,636,507,129
51760000310,200,185,15
51760000402,2334,1921,413
51760000404,1794,1507,287
51760000409,1556,1065,491
51760000410,1387,1065,322
51760000412,1568,1339,229
51760000413,1462,1124,338
51760000414,1653,1202,451
51760000415,1410,1030,380
51760000501,1910,1724,186
51760000503,1806,1657,149
51760000504,2365,2175,190
51760000505,1202,1131,71
51760000508,937,841,96
51760000509,964,894,70
51760000510,1531,1392,139
51760000602,533,509,24
51760000603,1066,995,71
51760000604,864,805,59
51760000606,1341,1266,75
51760000607,1594,1417,177
51760000609,2501,2302,199
51760000610,637,602,35
51760000701,569,532,37
51760000702,1095,1033,62
51760000703,1454,1341,113
51760000705,1194,1092,102
51760000706,1843,1696,147
51760000707,2650,2419,231
51760000708,1903,1732,171
51760000802,920,874,46
51760000806,972,878,94
51760000810,757,677,80
51760000811,930,851,79
51760000812,1597,1441,156
51760000814,718,671,47
51760000902,348,331,17
51760000903,1018,910,108
51760000908,1001,914,87
51760000909,1184,1082,102
51760000910,1031,941,90
51760000911,974,928,46
51770000001,1348,1093,0
51770000002,1267,952,0
51770000003,1267,749,0
51770000004,1331,888,0
51770000005,1688,902,0
51770000006,1156,677,0
51770000007,1151,723,0
51770000008,983,899,0
51770000009,1464,1197,0
51770000010,1935,1532,0
51770000011,2142,1589,0
51770000012,1743,994,0
51770000013,1403,699,0
51770000014,1732,1120,0
51770000015,1869,1190,679
51770000016,2044,1114,930
51770000017,1833,1278,555
51770000018,1641,1044,75
51770000019,1145,1018,0
51770000020,1305,1218,0
51775000001,1241,579,662
51775000002,550,237,313
51775000003,647,210,437
51775000004,978,401,577
51775000005,1330,642,688
51775000006,732,303,429
51775000007,794,294,500
51775000008,351,148,203
51775000009,1337,480,857
51775000010,1477,636,841
51790000101,2197,1326,871
51790000201,2316,1166,1150
51790000301,2150,1216,934
51790000401,1916,1144,772
51790000501,2170,1557,613
51800000101,1432,1096,336
51800000102,2991,1305,1686
51800000104,2428,1517,911
51800000201,1466,555,911
51800000202,1444,641,803
51800000203,2490,1714,776
51800000204,1989,1457,532
51800000301,524,340,184
51800000302,1772,1538,234
51800000304,1869,1259,610
51800000305,896,595,301
51800000401,1045,492,553
51800000402,1242,388,854
51800000403,693,632,61
51800000404,1058,1003,55
51800000405,495,176,319
51800000501,1928,865,1063
51800000502,1877,684,1193
51800000504,2497,1084,1413
51800000601,1521,951,570
51800000602,426,295,131
51800000603,520,317,203
51800000604,1577,990,587
51800000605,679,632,47
51800000702,2873,1881,992
51800000704,1814,1329,485
51800000706,1952,1645,307
51810000001,2599,967,1632
51810000002,2019,1061,958
51810000003,1263,642,621
51810000004,2008,840,1168
51810000005,1469,873,596
51810000006,2201,958,1243
51810000007,1336,616,720
51810000008,2000,1067,933
51810000009,1997,804,1193
51810000010,2398,854,1544
51810000011,2560,1281,1279
51810000012,1771,1037,734
51810000013,2085,1087,998
51810000014,1857,972,885
51810000015,906,906,0
51810000016,1456,1456,0
51810000017,1549,760,789
51810000018,2245,1125,1120
51810000019,1107,518,589
51810000020,1494,943,551
51810000021,1397,1397,0
51810000022,917,917,0
51810000023,1184,1184,0
51810000024,1305,712,593
51810000025,1657,1657,0
51810000026,1718,886,832
51810000027,1737,939,798
51810000028,1344,638,706
51810000029,1527,970,557
51810000030,1853,798,1055
51810000031,2553,920,1633
51810000032,971,201,770
51810000033,1080,195,885
51810000034,642,155,487
51810000035,2282,936,1346
51810000036,2122,1335,787
51810000037,1487,801,686
51810000038,2611,1201,1410
51810000039,2317,1433,884
51810000040,1034,1034,0
51810000041,1697,1697,0
51810000042,1719,982,737
51810000043,1522,1003,519
51810000044,1939,952,987
51810000045,1473,977,496
51810000046,1556,995,561
51810000047,2369,999,1370
51810000048,2078,954,1124
51810000049,2260,1014,1246
51810000050,1019,680,339
51810000051,1591,811,780
51810000052,2361,1252,1109
51810000053,1529,808,721
51810000054,1270,712,558
51810000055,1629,1137,492
51810000056,953,462,491
51810000057,774,774,0
51810000058,1815,1030,785
51810000059,1148,644,504
51810000060,2395,925,1470
51810000061,1271,1271,0
51810000062,2040,1041,999
51810000063,2457,1221,1236
51810000064,1565,874,691
51810000065,1945,1113,832
51810000066,1674,730,944
51810000067,799,488,311
51810000068,1758,861,897
51810000069,1109,1069,40
51810000070,1795,936,859
51810000071,1027,608,419
51810000072,1932,782,1150
51810000073,1387,959,428
51810000074,1329,866,463
51810000075,2292,904,1388
51810000076,1363,1018,345
51810000077,1511,878,633
51810000078,1551,890,661
51810000079,1191,1191,0
51810000080,1306,919,387
51810000081,1798,1112,686
51810000082,1574,754,820
51810000083,1988,896,1092
51810000084,1288,1288,0
51810000085,2267,1003,1264
51810000086,2055,1109,946
51810000087,1708,862,846
51810000088,1653,774,879
51810000089,1763,890,873
51810000090,1216,575,641
51810000091,1809,1151,658
51810000092,1351,569,782
51810000093,1318,1318,0
51810000094,892,465,427
51810000095,1214,582,632
51810000096,1040,627,413
51810000097,1547,1009,538
51810000098,1002,697,305
51810000099,1488,928,560
51810000100,1012,349,663
51820000001,1186,629,557
51820000002,2339,1234,1105
51820000003,2085,1056,1029
51820000004,2836,1405,1431
51830000001,3524,2564,960
51830000002,3159,2349,810
51840000101,2200,1267,933
51840000102,1483,822,661
51840000201,1333,890,443
51840000301,1370,778,592
51840000401,811,448,363
51840000402,1544,801,743
